{
  "HTTP Request-1" : {
    "transaction" : "HTTP Request-1",
    "sampleCount" : 1920,
    "errorCount" : 1812,
    "errorPct" : 94.375,
    "meanResTime" : 3335.56979166667,
    "medianResTime" : 2548.0,
    "minResTime" : 301.0,
    "maxResTime" : 24847.0,
    "pct1ResTime" : 3594.6000000000004,
    "pct2ResTime" : 9789.499999999998,
    "pct3ResTime" : 18194.69,
    "throughput" : 45.39651014328273,
    "receivedKBytesPerSec" : 110.8685675346976,
    "sentKBytesPerSec" : 6.87154206270393
  },
  "Total" : {
    "transaction" : "Total",
    "sampleCount" : 5760,
    "errorCount" : 3624,
    "errorPct" : 62.916668,
    "meanResTime" : 2520.489583333329,
    "medianResTime" : 2543.0,
    "minResTime" : 273.0,
    "maxResTime" : 25134.0,
    "pct1ResTime" : 3299.0,
    "pct2ResTime" : 5818.0,
    "pct3ResTime" : 18301.170000000002,
    "throughput" : 133.75441203789708,
    "receivedKBytesPerSec" : 230.74726896305498,
    "sentKBytesPerSec" : 25.078952257105705
  },
  "HTTP Request-0" : {
    "transaction" : "HTTP Request-0",
    "sampleCount" : 1920,
    "errorCount" : 0,
    "errorPct" : 0.0,
    "meanResTime" : 445.0145833333334,
    "medianResTime" : 558.0,
    "minResTime" : 273.0,
    "maxResTime" : 1356.0,
    "pct1ResTime" : 577.0,
    "pct2ResTime" : 601.8999999999996,
    "pct3ResTime" : 694.3699999999999,
    "throughput" : 53.38672005338672,
    "receivedKBytesPerSec" : 7.7681848515181855,
    "sentKBytesPerSec" : 6.934017350684018
  },
  "HTTP Request" : {
    "transaction" : "HTTP Request",
    "sampleCount" : 1920,
    "errorCount" : 1812,
    "errorPct" : 94.375,
    "meanResTime" : 3780.884375000004,
    "medianResTime" : 3038.0,
    "minResTime" : 602.0,
    "maxResTime" : 25134.0,
    "pct1ResTime" : 3878.9,
    "pct2ResTime" : 10358.75,
    "pct3ResTime" : 18729.69,
    "throughput" : 44.58480401263236,
    "receivedKBytesPerSec" : 115.37363448152749,
    "sentKBytesPerSec" : 12.539476128552852
  }
}